<?xml version="1.0" encoding="UTF-8"?>
<project-private xmlns="http://www.netbeans.org/ns/project-private/1">
    <editor-bookmarks xmlns="http://www.netbeans.org/ns/editor-bookmarks/2" lastBookmarkId="0"/>
    <open-files xmlns="http://www.netbeans.org/ns/projectui-open-files/2">
        <group>
            <file>file:/C:/Users/MELISSA/Desktop/ProyectoMyHotel/MyHotelPrograma/src/Vista/OpcionGestionReserva.java</file>
            <file>file:/C:/Users/MELISSA/Desktop/ProyectoMyHotel/MyHotelPrograma/src/proyectohotel/ProyectoHotel.java</file>
            <file>file:/C:/Users/MELISSA/Desktop/ProyectoMyHotel/MyHotelPrograma/src/Controlador/ControladorHabitacion.java</file>
            <file>file:/C:/Users/MELISSA/Desktop/ProyectoMyHotel/MyHotelPrograma/src/Vista/OpcionClienteHabitaciones.java</file>
            <file>file:/C:/Users/MELISSA/Desktop/ProyectoMyHotel/MyHotelPrograma/src/Modelo/Habitacion.java</file>
        </group>
    </open-files>
</project-private>
